DATE,GDP_GDP,GDPC1_GDPC1,GDPPOT_GDPPOT,PCEC_PCEC,UNRATE_UNRATE,PAYEMS_PAYEMS,CE16OV_CE16OV,U6RATE_U6RATE,CPIAUCSL_CPIAUCSL,PCEPI_PCEPI,PPIACO_PPIACO,FEDFUNDS_FEDFUNDS,DGS10_DGS10,DGS2_DGS2,HOUST_HOUST,CSUSHPINSA_CSUSHPINSA,MSPUS_MSPUS,INDPRO_INDPRO,TCU_TCU,NEWORDER_NEWORDER,RRSFS_RRSFS,UMCSENT_UMCSENT,BOPGSTB_BOPGSTB,EXPGS_EXPGS,IMPGS_IMPGS,DJIA_DJIA,SP500_SP500,VIXCLS_VIXCLS,DCOILWTICO_DCOILWTICO,FYFSD_FYFSD,GFDEBTN_GFDEBTN,TOTCI_TOTCI,M2SL_M2SL,DTWEXBGS_DTWEXBGS,DEXUSEU_DEXUSEU,DEXCHUS_DEXCHUS,USSLIND_USSLIND,T10Y2Y_T10Y2Y,GDP_Growth_QoQ,CPI_YoY
2015-04-30,18279.784,18782.243,18963.01626,12264.14,5.4,141196.0,148511.0,10.9,236.222,97.094,190.9,0.12,2.05,0.58,1190.0,169.965,289100.0,101.2255,77.5449,64277.0,187521.0,95.9,-39836.0,2300.441,2809.968,17840.52,2085.51,14.55,59.62,-484793.0,18151998.0,1852.9063,11937.6,105.312,1.1162,6.2018,1.71,1.47,,
2015-05-31,18279.784,18782.243,18963.01626,12264.14,5.6,141538.0,148817.0,10.9,237.001,97.327,193.4,0.12,2.12,0.61,1079.0,171.84599999999995,289100.0,100.7675,77.1821,62586.0,188233.0,90.7,-38502.0,2300.441,2809.968,18010.68,2107.39,13.84,60.25,-484793.0,18151998.0,1870.8205,11965.0,106.7388,1.0994,6.198,1.89,1.51,0.0,
2015-06-30,18279.784,18782.243,18963.01626,12264.14,5.3,141709.0,148816.0,10.4,237.657,97.516,194.8,0.13,2.35,0.64,1205.0,173.446,289100.0,100.4588,76.9429,63781.0,187906.0,96.1,-42425.0,2300.441,2809.968,17619.51,2063.11,18.23,59.48,-484793.0,18151998.0,1883.0036,12005.6,106.5191,1.1154,6.2,1.68,1.71,0.0,
2015-07-31,18401.626,18857.418,19056.83833,12382.494,5.2,141991.0,148830.0,10.3,238.034,97.605,193.9,0.13,2.2,0.67,1146.0,174.491,295800.0,101.0893,77.4307,63488.0,189109.0,93.1,-40340.0,2260.724,2798.806,17689.86,2103.84,12.12,47.11,-484793.0,18150618.0,1887.2229,12049.2,108.7819,1.1028,6.2097,1.84,1.53,0.6665396046255267,
2015-08-31,18401.626,18857.418,19056.83833,12382.494,5.1,142125.0,149181.0,10.2,238.033,97.612,191.9,0.14,2.21,0.74,1130.0,174.93,295800.0,100.9165,77.308,63085.0,189120.0,91.9,-44205.0,2260.724,2798.806,16528.03,1972.18,28.43,49.2,-484793.0,18150618.0,1911.9086,12093.7,110.5621,1.1194,6.376,1.76,1.47,0.0,
2015-09-30,18401.626,18857.418,19056.83833,12382.494,5.0,142275.0,148826.0,10.0,237.498,97.477,189.1,0.14,2.06,0.64,1224.0,175.03400000000002,295800.0,100.633,77.1039,63266.0,188671.0,87.2,-41641.0,2260.724,2798.806,16284.7,1920.03,24.5,45.06,-441960.0,18150618.0,1921.1877,12154.8,111.3311,1.1162,6.3556,1.78,1.42,0.0,
2015-10-31,18435.137,18892.206,19150.9692,12423.353,5.0,142579.0,149246.0,9.8,237.733,97.477,187.5,0.12,2.16,0.75,1058.0,175.03799999999998,302500.0,100.1563,76.752,63436.0,187986.0,90.0,-40873.0,2222.279,2745.517,17663.54,2079.36,15.07,46.6,-441960.0,18922179.0,1931.3631,12206.1,110.2079,1.1042,6.318,1.59,1.41,0.1821089071150528,
2015-11-30,18435.137,18892.206,19150.9692,12423.353,5.1,142808.0,149463.0,10.0,238.017,97.538,185.7,0.12,2.21,0.94,1172.0,175.128,302500.0,99.4366,76.2118,62050.0,188532.0,91.3,-40451.0,2222.279,2745.517,17719.92,2080.41,16.13,40.43,-441960.0,18922179.0,1948.0091,12297.5,112.34,1.0562,6.3883,1.55,1.27,0.0,
2015-12-31,18435.137,18892.206,19150.9692,12423.353,5.0,143077.0,150128.0,9.9,237.761,97.456,183.5,0.24,2.27,1.06,1146.0,175.1,302500.0,98.9471,75.845,60173.0,189517.0,92.6,-41003.0,2222.279,2745.517,17425.03,2043.94,18.21,37.13,-441960.0,18922179.0,1952.46,12368.7,113.3429,1.0859,6.4778,1.63,1.21,0.0,
2016-01-31,18525.933,19001.69,19245.2221,12523.156,4.8,143210.0,150653.0,9.7,237.652,97.496,182.6,0.34,1.94,0.76,1092.0,175.021,299800.0,99.4391,76.2263,61843.0,188248.0,92.0,-40044.0,2181.957,2693.639,16466.3,1940.24,20.2,33.66,-441960.0,19264939.0,1972.7931,12506.0,115.5731,1.0832,6.5752,1.4,1.18,0.49251600354258684,
2016-02-29,18525.933,19001.69,19245.2221,12523.156,4.9,143407.0,150939.0,9.6,237.336,97.445,181.3,0.38,1.74,0.78,1225.0,175.267,299800.0,98.9232,75.8298,61082.0,190404.0,91.7,-43306.0,2181.957,2693.639,16516.5,1932.23,20.55,32.74,-441960.0,19264939.0,1982.1134,12578.2,114.2418,1.0868,6.5525,1.72,0.96,0.0,
2016-03-31,18525.933,19001.69,19245.2221,12523.156,5.0,143662.0,151218.0,9.8,238.08,97.673,182.1,0.36,1.78,0.73,1111.0,176.59099999999998,299800.0,98.1635,75.2411,60644.0,189206.0,91.0,-36801.0,2181.957,2693.639,17685.09,2059.74,13.95,36.94,-441960.0,19264939.0,2019.7564,12629.0,109.9191,1.139,6.448,1.61,1.05,0.0,
2016-04-30,18711.702,19062.709,19339.74405,12665.124,5.1,143855.0,151074.0,9.9,238.992,97.993,183.2,0.37,1.83,0.77,1163.0,178.488,306000.0,98.4775,75.4701,61212.0,189227.0,89.0,-38048.0,2221.936,2711.306,17773.64,2065.3,15.7,45.98,-441960.0,19381591.0,2036.886,12708.0,108.8274,1.1441,6.4738,1.56,1.06,1.002751116502476,1.1726257503534843
2016-05-31,18711.702,19062.709,19339.74405,12665.124,4.8,143900.0,151132.0,9.9,239.557,98.153,185.3,0.37,1.84,0.87,1148.0,180.337,306000.0,98.2549,75.2833,59387.0,189474.0,94.7,-39032.0,2221.936,2711.306,17787.2,2096.96,14.19,49.1,-441960.0,19381591.0,2053.7113,12775.0,112.4276,1.1135,6.5798,1.43,0.97,0.0,1.0784764621246223
2016-06-30,18711.702,19062.709,19339.74405,12665.124,4.9,144146.0,151223.0,9.5,240.222,98.325,187.6,0.38,1.49,0.58,1203.0,181.907,306000.0,98.7315,75.6283,59332.0,190953.0,93.5,-41719.0,2221.936,2711.306,17929.99,2098.86,15.63,48.27,-441960.0,19381591.0,2056.1484,12835.4,112.1618,1.1032,6.6459,1.45,0.91,0.0,1.0792865347959424
2016-07-31,18892.639,19197.938,19434.06234,12797.126,4.8,144520.0,151554.0,9.6,240.101,98.342,187.7,0.39,1.46,0.67,1239.0,183.008,303800.0,98.8452,75.6916,59776.0,190709.0,90.0,-39931.0,2270.0,2751.229,18432.24,2173.6,11.87,41.54,-441960.0,19573445.0,2054.259,12889.7,111.874,1.1168,6.6371,1.5,0.79,0.9669724325451323,0.8683633430518256
2016-08-31,18892.639,19197.938,19434.06234,12797.126,4.9,144662.0,151779.0,9.6,240.545,98.479,186.6,0.4,1.58,0.8,1171.0,183.645,303800.0,98.7427,75.5879,61486.0,190557.0,89.8,-40146.0,2270.0,2751.229,18400.88,2170.95,13.42,44.68,-441960.0,19573445.0,2053.7318,12973.9,112.4036,1.1146,6.6776,1.54,0.78,0.0,1.0553158595656864
2016-09-30,18892.639,19197.938,19434.06234,12797.126,5.0,144967.0,151761.0,9.7,241.176,98.666,186.9,0.4,1.6,0.77,1068.0,183.933,303800.0,98.6552,75.4977,59489.0,191313.0,91.2,-37004.0,2270.0,2751.229,18308.15,2168.27,13.29,47.72,-584650.0,19573445.0,2074.6015,13034.2,112.2795,1.1238,6.6685,1.36,0.83,0.0,1.5486446201652182
2016-10-31,19089.379,19304.352,19528.05803,12921.989,4.9,145066.0,151793.0,9.6,241.741,98.868,186.7,0.4,1.84,0.86,1313.0,184.006,310900.0,98.7237,75.5318,59280.0,191263.0,87.2,-38555.0,2268.339,2799.145,18142.42,2126.15,17.06,46.83,-584650.0,19976827.0,2090.7806,13107.5,114.0188,1.0962,6.7735,1.27,0.98,1.0413579595735856,1.685924966243646
2016-11-30,19089.379,19304.352,19528.05803,12921.989,4.7,145183.0,151954.0,9.4,242.026,98.901,186.3,0.41,2.37,1.11,1140.0,184.217,310900.0,98.3443,75.2309,59445.0,190984.0,93.8,-43896.0,2268.339,2799.145,19123.58,2198.81,13.33,49.41,-584650.0,19976827.0,2090.0422,13181.0,117.7636,1.0578,6.8837,1.7,1.26,0.0,1.6843334719788938
2016-12-31,19089.379,19304.352,19528.05803,12921.989,4.7,145408.0,152157.0,9.2,242.637,99.071,188.2,0.54,2.45,1.2,1252.0,184.389,310900.0,99.0406,75.7622,59590.0,192820.0,98.2,-40976.0,2268.339,2799.145,19762.6,2238.83,14.04,53.75,-584650.0,19976827.0,2078.1707,13226.1,118.3466,1.0552,6.943,1.62,1.25,0.0,2.0507989115119862
2017-01-31,19280.084,19398.343,19622.17184,13097.306,4.7,145628.0,152152.0,9.2,243.618,99.451,190.7,0.65,2.45,1.19,1190.0,184.642,313100.0,98.8158,75.5995,60577.0,194164.0,98.5,-43556.0,2339.728,2873.148,19864.09,2278.87,11.99,52.75,-584650.0,19846420.0,2083.7618,13300.7,116.2241,1.0794,6.8768,1.73,1.26,0.9990110207356517,2.5103933482571117
2017-02-28,19280.084,19398.343,19622.17184,13097.306,4.6,145848.0,152480.0,9.0,244.006,99.586,191.6,0.66,2.36,1.22,1271.0,185.01,313100.0,98.4356,75.3306,60784.0,193825.0,96.3,-39785.0,2339.728,2873.148,20812.24,2363.64,12.92,54.0,-584650.0,19846420.0,2080.4702,13367.3,116.0032,1.0618,6.8665,1.58,1.14,0.0,2.8103616813294208
2017-03-31,19280.084,19398.343,19622.17184,13097.306,4.4,145969.0,153065.0,8.8,243.892,99.535,191.5,0.79,2.4,1.27,1190.0,186.518,313100.0,99.0492,75.8344,61217.0,193589.0,96.9,-41124.0,2339.728,2873.148,20663.22,2362.72,12.37,50.54,-584650.0,19846420.0,2061.0309,13428.7,114.7938,1.0698,6.8832,1.73,1.13,0.0,2.44119623655914
2017-04-30,19438.643,19506.949,19717.08385,13188.73,4.4,146174.0,153255.0,8.6,244.193,99.725,193.0,0.9,2.29,1.28,1146.0,188.531,318200.0,100.0416,76.6403,61377.0,194103.0,97.0,-44227.0,2349.681,2903.18,20940.51,2384.2,10.82,49.31,-584650.0,19844554.0,2070.4477,13484.7,114.7877,1.0895,6.89,1.59,1.01,0.8223978692209144,2.176223471915395
2017-05-31,19438.643,19506.949,19717.08385,13188.73,4.4,146380.0,153069.0,8.5,244.004,99.682,192.8,0.91,2.21,1.28,1157.0,190.526,318200.0,100.128,76.764,61264.0,193288.0,97.1,-43985.0,2349.681,2903.18,21008.65,2411.8,10.41,48.29,-584650.0,19844554.0,2067.1154,13536.7,113.2956,1.1236,6.8098,1.42,0.93,0.0,1.8563431667619756
2017-06-30,19438.643,19506.949,19717.08385,13188.73,4.3,146583.0,153318.0,8.5,244.163,99.766,193.6,1.04,2.31,1.38,1249.0,192.252,318200.0,100.337,76.9926,60282.0,193947.0,95.0,-42579.0,2349.681,2903.18,21349.63,2423.41,11.18,46.02,-584650.0,19844554.0,2073.5845,13558.5,111.9896,1.1411,6.7793,1.52,0.93,0.0,1.640565809959127
2017-07-31,19692.595,19660.766,19814.50161,13325.065,4.3,146772.0,153569.0,8.5,244.243,99.803,193.5,1.15,2.3,1.34,1206.0,193.496,320500.0,100.0865,76.878,61172.0,193886.0,93.4,-43854.0,2384.524,2916.022,21891.12,2470.3,10.26,50.21,-584650.0,20244900.0,2077.9601,13615.4,109.8177,1.1826,6.724,1.43,0.96,1.3064286431928362,1.7251073506566073
2017-08-31,19692.595,19660.766,19814.50161,13325.065,4.4,146919.0,153503.0,8.6,245.183,100.027,193.8,1.16,2.12,1.33,1159.0,194.33,320500.0,99.6323,76.6139,61455.0,193508.0,96.8,-41391.0,2384.524,2916.022,21948.1,2471.65,10.59,47.26,-584650.0,20244900.0,2086.7012,13674.6,109.3686,1.1894,6.5888,1.39,0.79,0.0,1.92812155729698
2017-09-30,19692.595,19660.766,19814.50161,13325.065,4.3,147007.0,154286.0,8.3,246.435,100.4,194.8,1.15,2.33,1.47,1181.0,194.801,320500.0,99.7482,76.7906,63738.0,196467.0,95.1,-41593.0,2384.524,2916.022,22405.09,2519.36,9.51,51.67,-665450.0,20244900.0,2109.522,13723.0,110.0867,1.1813,6.6533,1.2,0.86,0.0,2.1805652303711787
2017-10-31,20037.088,19882.352,19914.26761,13551.401,4.2,147150.0,153609.0,8.1,246.626,100.531,194.9,1.15,2.38,1.6,1257.0,195.068,337900.0,100.9893,77.8346,63809.0,196592.0,100.7,-42848.0,2479.107,3034.004,23377.24,2575.26,10.18,54.36,-665450.0,20492747.0,2111.6995,13782.3,111.8052,1.1648,6.6328,1.59,0.78,1.7493529928381601,2.020757753132485
2017-11-30,20037.088,19882.352,19914.26761,13551.401,4.2,147373.0,153805.0,8.0,247.284,100.675,195.9,1.16,2.42,1.78,1273.0,195.435,337900.0,101.2493,78.1204,63830.0,198158.0,98.5,-45463.0,2479.107,3034.004,24272.35,2647.58,11.28,57.4,-665450.0,20492747.0,2104.0796,13814.9,110.4648,1.1898,6.609,1.45,0.64,0.0,2.172493864295566
2017-12-31,20037.088,19882.352,19914.26761,13551.401,4.1,147523.0,153904.0,8.1,247.805,100.821,196.3,1.3,2.4,1.89,1177.0,195.832,337900.0,101.4871,78.3837,63706.0,198777.0,95.9,-46535.0,2479.107,3034.004,24719.22,2673.61,11.04,60.46,-665450.0,20492747.0,2108.431,13873.8,110.0783,1.2022,6.5063,1.48,0.51,0.0,2.129930719552253
2018-01-31,20328.553,20044.077,20016.54317,13745.074,4.0,147660.0,154425.0,8.0,248.859,101.199,197.9,1.41,2.72,2.14,1299.0,196.101,331800.0,101.4852,78.4548,63684.0,197070.0,95.7,-47072.0,2517.268,3093.299,26149.39,2823.81,13.54,64.82,-665450.0,21089643.0,2108.6654,13883.2,106.7695,1.2428,6.2841,1.55,0.58,1.4546275386922547,2.151318868063945
2018-02-28,20328.553,20044.077,20016.54317,13745.074,4.1,148054.0,155197.0,8.1,249.529,101.416,199.3,1.42,2.87,2.25,1277.0,196.891,331800.0,101.7319,78.7047,65569.0,197706.0,99.7,-48793.0,2517.268,3093.299,25029.2,2713.83,19.85,61.43,-665450.0,21089643.0,2114.9519,13919.3,108.3901,1.2211,6.328,1.66,0.62,0.0,2.263468931091861
2018-03-31,20328.553,20044.077,20016.54317,13745.074,4.0,148280.0,155214.0,8.0,249.577,101.524,199.3,1.51,2.74,2.27,1318.0,198.558,331800.0,102.1943,79.1096,64151.0,197543.0,101.4,-43508.0,2517.268,3093.299,24103.11,2640.87,19.97,64.87,-665450.0,21089643.0,2126.6322,13976.0,107.4783,1.232,6.2726,1.69,0.47,0.0,2.3309497646499366
2018-04-30,20580.912,20150.476,20121.67138,13891.294,4.0,148422.0,155312.0,7.9,250.227,101.766,200.3,1.69,2.95,2.49,1276.0,200.597,315600.0,103.3551,80.0436,65251.0,197620.0,98.8,-46129.0,2562.172,3105.995,24163.15,2648.05,15.93,68.56,-665450.0,21195070.0,2172.7933,13993.9,109.3356,1.2074,6.3325,1.59,0.46,1.241401687567234,2.4709963021052994
2018-05-31,20580.912,20150.476,20121.67138,13891.294,3.8,148740.0,155652.0,7.8,250.792,101.941,203.2,1.7,2.83,2.4,1357.0,202.434,315600.0,102.381,79.3092,66616.0,199739.0,98.0,-41421.0,2562.172,3105.995,24415.84,2705.27,15.43,66.98,-665450.0,21195070.0,2177.0612,14049.6,111.988,1.167,6.4096,1.57,0.43,0.0,2.781921607842497
2018-06-30,20580.912,20150.476,20121.67138,13891.294,4.0,148959.0,155762.0,7.8,251.018,102.029,204.2,1.82,2.85,2.52,1192.0,204.026,315600.0,103.2256,79.9674,67716.0,198877.0,98.2,-44811.0,2562.172,3105.995,24271.41,2718.37,16.09,74.13,-665450.0,21195070.0,2197.4758,14109.9,113.2583,1.1677,6.6171,1.55,0.33,0.0,2.8075506935940187
2018-07-31,20798.73,20276.154,20228.12968,14002.199,3.8,149020.0,156146.0,7.5,251.214,102.137,204.3,1.91,2.96,2.67,1208.0,204.935,330900.0,103.3561,80.0561,68233.0,199931.0,97.9,-49673.0,2535.501,3153.747,25415.19,2816.29,12.83,69.88,-665450.0,21516058.0,2201.6777,14144.2,112.7297,1.1706,6.8038,1.36,0.29,1.0583496008340187,2.854124785561929
2018-08-31,20798.73,20276.154,20228.12968,14002.199,3.8,149279.0,155504.0,7.4,251.663,102.208,203.4,1.91,2.86,2.62,1288.0,205.313,330900.0,104.0585,80.5741,67133.0,199458.0,96.2,-49558.0,2535.501,3153.747,25964.82,2901.52,12.86,69.84,-665450.0,21516058.0,2214.951,14193.9,114.275,1.1596,6.83,1.46,0.24,0.0,2.6429238568742575
2018-09-30,20798.73,20276.154,20228.12968,14002.199,3.7,149358.0,156015.0,7.5,252.182,102.418,203.6,1.95,3.05,2.81,1250.0,205.359,330900.0,104.1038,80.5711,67190.0,198283.0,100.1,-50563.0,2535.501,3153.747,26458.31,2913.98,12.12,73.16,-779074.0,21516058.0,2226.4089,14229.3,113.8072,1.1622,6.868,1.25,0.24,0.0,2.332055105808828
2018-10-31,20917.867,20304.874,20335.09873,14099.199,3.8,149526.0,156391.0,7.5,252.772,102.595,204.6,2.19,3.15,2.87,1221.0,205.354,322800.0,103.9297,80.3884,67696.0,200031.0,98.6,-52453.0,2537.415,3171.622,25115.76,2711.74,21.23,65.31,-779074.0,21974096.0,2258.531,14241.4,116.5268,1.1332,6.9737,1.31,0.28,0.5728090128579888,2.492032470218053
2018-11-30,20917.867,20304.874,20335.09873,14099.199,3.8,149617.0,156721.0,7.6,252.594,102.63,202.3,2.2,3.01,2.8,1181.0,205.092,322800.0,104.0126,80.3962,65849.0,200827.0,97.5,-49401.0,2537.415,3171.622,25538.46,2760.17,18.07,50.78,-779074.0,21974096.0,2276.7158,14260.8,116.4121,1.1323,6.9558,1.0,0.21,0.0,2.147328577667773
2018-12-31,20917.867,20304.874,20335.09873,14099.199,3.9,149809.0,156817.0,7.6,252.767,102.701,201.0,2.27,2.69,2.48,1095.0,204.681,322800.0,104.0451,80.358,65602.0,196613.0,98.3,-55212.0,2537.415,3171.622,23327.46,2506.85,25.42,45.15,-779074.0,21974096.0,2316.1508,14382.6,115.5667,1.1456,6.8755,0.99,0.21,0.0,2.0023809043401064
2019-01-31,21111.6,20431.641,20443.03304,14150.191,4.0,150059.0,156487.0,8.0,252.561,102.648,199.1,2.4,2.63,2.45,1226.0,204.182,313000.0,103.3598,79.7599,66871.0,198054.0,91.2,-48915.0,2540.244,3132.539,24999.67,2704.1,16.57,53.84,-779074.0,22027880.0,2321.6572,14446.1,113.5476,1.1454,6.6958,1.0,0.18,0.9261603967555487,1.4875893578291333
2019-02-28,21111.6,20431.641,20443.03304,14150.191,3.8,150065.0,156863.0,7.2,253.319,102.836,199.2,2.4,2.73,2.52,1121.0,204.406,313000.0,102.8251,79.2768,67105.0,197746.0,93.8,-47615.0,2540.244,3132.539,25916.0,2784.49,14.78,57.21,-779074.0,22027880.0,2327.1864,14481.2,114.1971,1.1379,6.6912,1.1,0.21,0.0,1.5188615351321877
2019-03-31,21111.6,20431.641,20443.03304,14150.191,3.8,150295.0,156701.0,7.4,254.277,103.069,200.8,2.41,2.41,2.27,1191.0,205.755,313000.0,102.8361,79.2123,67592.0,200153.0,98.4,-48097.0,2540.244,3132.539,25928.68,2834.4,13.71,60.19,-779074.0,22027880.0,2340.4839,14526.2,115.1364,1.1228,6.7112,1.2,0.14,0.0,1.8831863513063984
2019-04-30,21397.938,20602.275,20551.11493,14350.662,3.7,150593.0,156625.0,7.4,255.233,103.36,202.1,2.42,2.51,2.27,1272.0,207.672,322500.0,102.2748,78.7037,66858.0,199647.0,97.2,-49592.0,2547.448,3165.41,26592.91,2945.83,13.12,63.83,-779074.0,22023283.0,2328.082,14554.5,115.3268,1.1201,6.7347,1.4,0.24,1.3563064855340201,2.000583470209061
2019-05-31,21397.938,20602.275,20551.11493,14350.662,3.6,150621.0,156821.0,7.1,255.296,103.435,201.7,2.39,2.14,1.95,1293.0,209.337,322500.0,102.4176,78.7358,66531.0,200916.0,100.0,-50844.0,2547.448,3165.41,24815.04,2752.06,18.71,53.49,-779074.0,22023283.0,2327.5881,14652.4,116.7279,1.1149,6.9027,1.38,0.19,0.0,1.7959105553606136
2019-06-30,21397.938,20602.275,20551.11493,14350.662,3.6,150839.0,157232.0,7.2,255.213,103.484,200.3,2.38,2.0,1.75,1243.0,210.571,322500.0,102.5425,78.7532,66127.0,201289.0,98.2,-48568.0,2547.448,3165.41,26599.96,2941.76,15.08,58.2,-779074.0,22023283.0,2347.3223,14771.4,114.5834,1.1374,6.865,1.11,0.25,0.0,1.671194894390049
2019-07-31,21717.171,20843.322,20658.99661,14548.282,3.7,150936.0,157529.0,6.9,255.802,103.622,200.7,2.4,2.02,1.89,1240.0,211.321,318400.0,102.0057,78.2629,65540.0,202607.0,98.4,-48460.0,2532.405,3117.952,26864.27,2980.38,16.12,58.53,-779074.0,22719402.0,2347.4082,14853.5,115.4955,1.113,6.8833,1.3,0.13,1.4918867416103376,1.826331335037068
2019-08-31,21717.171,20843.322,20658.99661,14548.282,3.6,151171.0,157829.0,7.2,256.036,103.67,199.2,2.13,1.5,1.5,1375.0,211.68,318400.0,102.7814,78.7796,65802.0,203623.0,89.8,-48773.0,2532.405,3117.952,26403.28,2926.46,18.98,55.07,-779074.0,22719402.0,2368.7173,14934.7,118.16,1.0989,7.1543,1.32,0.0,0.0,1.7376412106666406
2019-09-30,21717.171,20843.322,20658.99661,14548.282,3.5,151365.0,158339.0,6.9,256.43,103.733,198.4,2.04,1.68,1.63,1311.0,211.858,318400.0,102.4601,78.4615,64927.0,202078.0,93.2,-44479.0,2532.405,3117.952,26916.83,2976.74,16.24,54.09,-983588.0,22719402.0,2377.5439,15031.4,117.9488,1.0905,7.1477,1.5,0.05,0.0,1.6844977040391562
2019-10-31,21933.217,20985.448,20763.9792,14701.038,3.6,151460.0,158545.0,6.9,257.155,103.917,198.6,1.83,1.69,1.52,1325.0,211.952,327100.0,101.5878,77.7295,64707.0,202133.0,95.5,-41277.0,2537.466,3050.824,27046.23,3037.56,13.22,54.02,-983588.0,23201380.0,2372.5125,15167.3,115.9137,1.1155,7.0379,1.41,0.17,0.994816497968376,1.7339736996186295
2019-11-30,21933.217,20985.448,20763.9792,14701.038,3.6,151668.0,158629.0,6.8,257.879,104.024,199.0,1.55,1.78,1.61,1353.0,212.091,327100.0,102.1494,78.1046,63883.0,202855.0,96.8,-38833.0,2537.466,3050.824,28051.41,3140.98,12.62,58.12,-983588.0,23201380.0,2368.388,15276.9,117.1218,1.1019,7.0308,1.38,0.17,0.0,2.092290394862917
2019-12-31,21933.217,20985.448,20763.9792,14701.038,3.6,151795.0,158845.0,6.8,258.63,104.307,199.0,1.55,1.92,1.58,1548.0,212.223,327100.0,101.9421,77.9031,62742.0,202975.0,99.3,-43943.0,2537.466,3050.824,28538.44,3230.78,13.78,61.14,-983588.0,23201380.0,2354.5738,15348.0,114.6697,1.1227,6.9618,1.48,0.34,0.0,2.3195274699624457
2020-01-31,21727.657,20693.238,20867.2769,14496.227,3.6,152031.0,158508.0,7.0,259.127,104.419,199.3,1.55,1.51,1.33,1578.0,212.385,329000.0,101.3372,77.4105,61781.0,202762.0,99.8,-43782.0,2416.181,2929.759,28256.03,3225.52,18.84,51.58,-983588.0,23223813.0,2353.6725,15416.8,115.7342,1.1082,6.9161,1.57,0.18,-0.937208618325347,2.599767976845202
2020-02-29,21727.657,20693.238,20867.2769,14496.227,3.5,152292.0,158714.0,7.0,259.25,104.541,196.7,1.58,1.13,0.86,1537.0,213.205,329000.0,101.6718,77.6537,61226.0,202654.0,101.0,-40872.0,2416.181,2929.759,25409.36,2954.22,40.11,44.83,-983588.0,23223813.0,2346.2359,15467.0,117.6573,1.1001,6.9906,1.72,0.27,0.0,2.3413166797595197
2020-03-31,21727.657,20693.238,20867.2769,14496.227,4.4,150895.0,155353.0,8.8,258.076,104.252,193.1,0.65,0.7,0.23,1252.0,215.179,329000.0,97.606,74.5527,60644.0,185091.0,89.1,-43724.0,2416.181,2929.759,21917.16,2584.59,53.54,20.51,-983588.0,23223813.0,2715.1666,15993.8,122.5394,1.1016,7.0808,1.72,0.47,0.0,1.4940399642909163
2020-04-30,19935.444,19056.617,20970.42195,13175.637,14.8,130424.0,133185.0,22.9,256.032,103.817,185.5,0.05,0.64,0.2,931.0,217.221,317100.0,84.6812,64.6982,54973.0,159477.0,71.8,-53116.0,1814.401,2350.926,24345.72,2912.43,34.15,19.23,-983588.0,26477241.0,3005.5778,17005.8,122.3375,1.0934,7.0622,1.72,0.44,-8.248533194352248,0.3130472940411133
2020-05-31,19935.444,19056.617,20970.42195,13175.637,13.2,133040.0,137173.0,21.1,255.802,103.914,188.6,0.05,0.65,0.16,1053.0,218.467,317100.0,86.0108,65.7487,55989.0,189591.0,72.3,-54932.0,1814.401,2350.926,25383.11,3044.31,27.51,35.57,-983588.0,26477241.0,3010.9018,17853.4,120.953,1.1107,7.1348,1.72,0.49,0.0,0.1982013035848551
2020-06-30,19935.444,19056.617,20970.42195,13175.637,11.0,137671.0,142342.0,18.0,257.042,104.233,191.2,0.08,0.66,0.16,1254.0,219.794,317100.0,91.6745,70.134,58274.0,205013.0,78.1,-49402.0,1814.401,2350.926,25812.88,3100.29,30.43,39.27,-983588.0,26477241.0,2905.9323,18141.1,120.4746,1.1237,7.0651,1.72,0.5,0.0,0.7166562831830481
2020-07-31,21684.551,20548.793,21071.76263,14478.033,10.2,139255.0,143779.0,16.5,258.352,104.564,193.0,0.09,0.55,0.11,1523.0,221.554,327900.0,95.0037,72.7591,59349.0,207331.0,72.5,-59746.0,2105.083,2801.482,26428.32,3271.12,24.46,40.1,-983588.0,26945391.0,2841.5633,18298.0,117.2208,1.1822,6.9744,1.72,0.44,8.77385524997587,0.9968647625897997
2020-08-31,21684.551,20548.793,21071.76263,14478.033,8.4,140819.0,147245.0,14.2,259.316,104.887,194.3,0.1,0.72,0.14,1401.0,224.036,327900.0,95.9294,73.5674,60089.0,208403.0,74.1,-62136.0,2105.083,2801.482,28430.05,3500.31,26.41,42.61,-983588.0,26945391.0,2807.1867,18364.3,115.7717,1.195,6.8474,1.72,0.58,0.0,1.2810698495523853
2020-09-30,21684.551,20548.793,21071.76263,14478.033,7.8,141770.0,147620.0,12.8,259.997,105.046,195.5,0.09,0.69,0.13,1463.0,226.787,327900.0,95.8914,73.6543,61549.0,211976.0,80.4,-58182.0,2105.083,2801.482,27781.7,3363.0,26.37,40.05,-3132456.0,26945391.0,2726.4291,18596.6,116.957,1.1723,6.7896,1.72,0.56,0.0,1.3910228912373812
2020-10-31,22068.767,20771.691,21174.33034,14752.732,6.9,142461.0,149931.0,12.1,260.319,105.106,196.5,0.09,0.88,0.14,1543.0,229.797,338600.0,96.5256,74.2728,62244.0,210999.0,81.8,-61075.0,2268.891,3027.199,26501.6,3269.96,38.02,35.64,-3132456.0,27747798.0,2689.0245,18751.3,116.1417,1.1647,6.6919,1.72,0.74,1.7718420824115677,1.2303863428671624
2020-11-30,22068.767,20771.691,21174.33034,14752.732,6.7,142731.0,149934.0,11.9,260.911,105.225,198.3,0.09,0.84,0.16,1553.0,232.299,338600.0,96.9529,74.7456,62271.0,208662.0,76.9,-64703.0,2268.891,3027.199,29638.64,3621.63,20.57,45.2,-3132456.0,27747798.0,2625.0725,18979.1,113.2308,1.1948,6.576,1.72,0.68,0.0,1.1757452138405844
2020-12-31,22068.767,20771.691,21174.33034,14752.732,6.7,142548.0,149975.0,11.7,262.045,105.69,200.5,0.09,0.93,0.13,1635.0,234.348,338600.0,98.2039,75.8651,63538.0,209620.0,80.7,-62022.0,2268.891,3027.199,30606.48,3756.07,22.75,48.35,-3132456.0,27747798.0,2579.0906,19133.2,111.324,1.223,6.525,1.72,0.8,0.0,1.3204191315779434
2021-01-31,22656.793,21058.379,21277.70315,15259.427,6.4,142913.0,149852.0,11.2,262.639,106.083,204.8,0.09,1.11,0.11,1639.0,236.42,355000.0,98.8135,76.5008,64828.0,217222.0,79.0,-62779.0,2381.224,3176.982,29982.62,3714.24,33.09,52.16,-3132456.0,28132570.0,2556.8891,19359.7,111.9604,1.2135,6.4282,1.72,1.0,2.664516780661108,1.3553199782346148
2021-02-28,22656.793,21058.379,21277.70315,15259.427,6.2,143422.0,150189.0,11.1,263.573,106.471,210.6,0.08,1.44,0.14,1407.0,239.2,355000.0,95.5072,74.0987,65160.0,210753.0,76.8,-66399.0,2381.224,3176.982,30932.37,3811.15,27.95,61.55,-3132456.0,28132570.0,2593.4131,19596.7,112.8433,1.2093,6.473,1.72,1.3,0.0,1.667502410800381
2021-03-31,22656.793,21058.379,21277.70315,15259.427,6.1,144246.0,150644.0,10.8,264.847,107.032,215.0,0.07,1.74,0.16,1668.0,244.195,355000.0,98.1929,76.3455,66492.0,232719.0,84.9,-66105.0,2381.224,3176.982,32981.55,3972.89,19.4,59.19,-3132456.0,28132570.0,2577.9774,19823.4,113.8351,1.1743,6.5518,1.72,1.58,0.0,2.623645747764214
2021-04-30,23368.861,21389.005,21382.89835,16016.346,6.1,144611.0,151081.0,10.3,266.625,107.632,217.9,0.07,1.65,0.16,1492.0,249.801,367800.0,98.3317,76.6187,67997.0,233551.0,88.3,-66529.0,2505.032,3340.114,33874.85,4181.17,18.61,63.5,-3132456.0,28529436.0,2550.8327,20160.7,112.0959,1.203,6.4749,1.72,1.49,3.142845503333147,4.137373453318349
2021-05-31,23368.861,21389.005,21382.89835,16016.346,5.8,145032.0,151535.0,10.1,268.404,108.184,224.9,0.06,1.58,0.14,1607.0,255.424,367800.0,99.1867,77.4469,66306.0,229335.0,82.9,-66621.0,2505.032,3340.114,34529.45,4204.11,16.76,66.31,-3132456.0,28529436.0,2539.1674,20426.9,110.7711,1.2194,6.3674,1.72,1.44,0.0,4.9264665639830785
2021-06-30,23368.861,21389.005,21382.89835,16016.346,5.9,145828.0,151734.0,9.8,270.71,108.748,228.9,0.08,1.45,0.25,1638.0,261.147,367800.0,99.6483,77.9619,67907.0,229812.0,85.5,-71488.0,2505.032,3340.114,34502.51,4297.5,15.83,73.52,-3132456.0,28529436.0,2457.7348,20474.7,112.5613,1.1848,6.4566,1.72,1.2,0.0,5.317418943207719
2021-07-31,23921.991,21571.421,21493.01915,16363.876,5.4,146759.0,152773.0,9.2,271.965,109.275,231.85,0.1,1.24,0.19,1600.0,265.482,395200.0,100.0668,78.4327,68136.0,225267.0,81.2,-69951.0,2570.103,3458.783,34935.47,4395.26,18.24,73.93,-3132456.0,28428919.0,2448.7963,20628.7,112.6808,1.1864,6.4609,1.72,1.05,2.3669531861223447,5.269167647240969
2021-08-31,23921.991,21571.421,21493.01915,16363.876,5.1,147246.0,153250.0,8.8,272.752,109.72,233.415,0.09,1.3,0.2,1595.0,268.756,395200.0,100.0412,78.5435,68855.0,226173.0,70.3,-73215.0,2570.103,3458.783,35360.73,4522.68,16.48,68.43,-3132456.0,28428919.0,2421.3478,20811.0,113.1175,1.18,6.4604,1.72,1.1,0.0,5.181323173271246
2021-09-30,23921.991,21571.421,21493.01915,16363.876,4.7,147712.0,153843.0,8.4,273.942,110.047,235.678,0.08,1.52,0.28,1563.0,271.407,395200.0,98.9955,77.8344,68790.0,226518.0,72.8,-77095.0,2570.103,3458.783,33843.92,4307.54,23.14,75.22,-2775350.0,28428919.0,2417.3797,20978.6,114.6504,1.1577,6.4434,1.72,1.24,0.0,5.363523425270289
2021-10-31,24777.038,21960.388,21606.08076,16816.132,4.5,148569.0,154475.0,8.2,276.528,110.741,240.465,0.08,1.55,0.48,1587.0,273.61400000000003,414000.0,100.3542,78.9984,69980.0,228028.0,71.7,-66942.0,2765.36,3685.956,35819.56,4605.38,16.26,83.5,-2775350.0,29617215.0,2424.3682,21142.9,114.149,1.1552,6.405,1.72,1.07,3.5743136932038677,6.226591220771449
2021-11-30,24777.038,21960.388,21606.08076,16816.132,4.2,149206.0,155530.0,7.7,278.824,111.51,243.287,0.08,1.43,0.52,1704.0,275.981,414000.0,101.2684,79.7955,70208.0,228737.0,67.4,-80153.0,2765.36,3685.956,34483.72,4567.0,27.19,66.14,-2775350.0,29617215.0,2430.2971,21316.7,116.2206,1.1287,6.364,1.72,0.91,0.0,6.865559520296194
2021-12-31,24777.038,21960.388,21606.08076,16816.132,3.9,149781.0,156099.0,7.3,280.806,112.221,241.338,0.08,1.52,0.73,1757.0,278.555,414000.0,101.1948,79.7947,71196.0,225250.0,70.6,-80792.0,2765.36,3685.956,36338.3,4766.18,17.22,75.33,-2775350.0,29617215.0,2486.0068,21470.9,115.2969,1.1318,6.3726,1.72,0.79,0.0,7.159457345112474
2022-01-31,25215.491,21903.85,21722.0248,17175.105,4.0,150006.0,157115.0,7.1,282.542,112.776,246.453,0.08,1.79,1.18,1712.0,281.932,413500.0,101.2146,79.8471,70690.0,227943.0,67.2,-85565.0,2848.698,3925.742,35131.86,4515.55,24.83,89.16,-2775350.0,30400960.0,2485.3685,21585.9,115.5742,1.1212,6.361,1.72,0.61,1.7695940894952855,7.578082463000535
2022-02-28,25215.491,21903.85,21722.0248,17175.105,3.8,150875.0,157598.0,7.2,284.525,113.489,252.66,0.08,1.83,1.44,1742.0,287.152,413500.0,101.8458,80.357,71106.0,228634.0,62.8,-87070.0,2848.698,3925.742,33892.6,4373.94,30.15,96.13,-2775350.0,30400960.0,2497.0672,21684.2,115.2317,1.1224,6.3084,1.72,0.39,0.0,7.949220898953979
2022-03-31,25215.491,21903.85,21722.0248,17175.105,3.7,151346.0,158206.0,7.0,287.467,114.489,260.014,0.2,2.32,2.28,1678.0,294.95,413500.0,102.6732,80.9989,72013.0,231041.0,59.4,-101914.0,2848.698,3925.742,34678.35,4530.41,20.56,100.53,-2775350.0,30400960.0,2546.2498,21720.8,115.2254,1.1093,6.3393,1.72,0.04,0.0,8.540780148538584
2022-04-30,25805.791,21919.222,21840.56636,17603.753,3.7,151651.0,157891.0,7.0,288.582,114.845,265.31,0.33,2.89,2.7,1828.0,301.573,437700.0,102.9024,81.1458,71879.0,233294.0,65.2,-85376.0,3071.551,4093.663,32977.21,4131.93,33.4,104.59,-2775350.0,30568582.0,2571.4792,21749.6,119.4936,1.0537,6.608,1.72,0.19,2.3410212396815844,8.235161744022502
2022-05-31,25805.791,21919.222,21840.56636,17603.753,3.6,151892.0,158378.0,7.1,291.299,115.542,273.251,0.77,2.85,2.53,1540.0,306.338,437700.0,102.9659,81.1363,72280.0,230361.0,58.4,-84255.0,3071.551,4093.663,32990.12,4132.15,26.19,114.38,-2775350.0,30568582.0,2618.4105,21689.9,118.0689,1.0731,6.6715,1.72,0.32,0.0,8.530051713089225
2022-06-30,25805.791,21919.222,21840.56636,17603.753,3.6,152353.0,158094.0,6.7,295.072,116.631,280.251,1.21,2.98,2.92,1542.0,308.136,437700.0,102.8224,80.9375,72817.0,228996.0,50.0,-81215.0,3071.551,4093.663,30775.43,3785.38,28.71,107.76,-2775350.0,30568582.0,2685.0114,21642.5,120.9718,1.0469,6.6981,1.72,0.06,0.0,8.999298141923106
2022-07-31,26272.011,22066.784,21961.53508,17876.234,3.5,153049.0,158258.0,6.8,294.94,116.662,272.274,1.68,2.67,2.89,1392.0,306.978,438000.0,103.0505,81.0054,72981.0,227527.0,51.5,-71040.0,3102.55,3988.447,32845.13,4130.29,21.33,101.31,-2775350.0,30928912.0,2704.1144,21641.8,121.7793,1.0202,6.7433,1.72,-0.22,1.806648747949624,8.447778206754553
2022-08-31,26272.011,22066.784,21961.53508,17876.234,3.6,153286.0,158735.0,6.9,295.162,117.002,269.546,2.33,3.15,3.45,1520.0,303.561,438000.0,103.1703,80.9637,73898.0,228724.0,58.2,-68522.0,3102.55,3988.447,31510.43,3955.0,25.87,90.09,-2775350.0,30928912.0,2725.7928,21606.6,123.5407,1.0065,6.889,1.72,-0.3,0.0,8.216255059541266
2022-09-30,26272.011,22066.784,21961.53508,17876.234,3.5,153513.0,158810.0,6.7,296.421,117.377,267.898,2.56,3.83,4.22,1470.0,300.39599999999996,438000.0,103.5326,81.0936,72699.0,227147.0,58.6,-71217.0,3102.55,3988.447,28725.51,3585.62,31.62,79.91,-1375920.0,30928912.0,2755.9599,21520.5,127.5159,0.9783,7.1135,1.72,-0.39,0.0,8.205751582451759
2022-10-31,26734.277,22249.459,22084.92536,18108.27,3.6,153913.0,158684.0,6.7,297.979,117.891,265.061,3.08,4.1,4.51,1440.0,298.61,442600.0,103.4442,80.8551,73124.0,228791.0,59.9,-75266.0,3046.718,3897.402,32732.95,3871.98,25.88,86.54,-1375920.0,31419689.0,2775.5648,21424.6,127.6272,0.9885,7.3048,1.72,-0.41,1.7595379356380336,7.757261470809462
2022-11-30,26734.277,22249.459,22084.92536,18108.27,3.6,154210.0,158507.0,6.7,298.708,118.221,263.157,3.78,3.68,4.38,1420.0,296.79400000000004,442600.0,103.1058,80.4107,72611.0,225529.0,56.7,-62561.0,3046.718,3897.402,34589.77,4080.11,20.58,80.48,-1375920.0,31419689.0,2790.3089,21358.0,123.5276,1.0323,7.0879,1.72,-0.7,0.0,7.131380368978291
2022-12-31,26734.277,22249.459,22084.92536,18108.27,3.5,154336.0,159259.0,6.6,298.808,118.403,257.897,4.1,3.88,4.41,1340.0,294.286,442600.0,101.8266,79.2286,72932.0,223131.0,59.8,-70762.0,3046.718,3897.402,33147.25,3839.5,21.67,80.16,-1375920.0,31419689.0,2796.8074,21219.3,121.4392,1.0698,6.8972,1.72,-0.53,0.0,6.410831677385809
2023-01-31,27164.359,22403.435,22208.24254,18506.211,3.5,154780.0,160217.0,6.7,300.456,119.007,260.227,4.33,3.52,4.21,1361.0,292.777,429000.0,102.7476,79.7542,73784.0,230924.0,64.9,-69960.0,3060.562,3874.21,34086.04,4076.6,19.4,78.95,-1375920.0,31458438.0,2817.7707,21205.1,118.991,1.0858,6.754,1.72,-0.69,1.6087287492382973,6.340296309929161
2023-02-28,27164.359,22403.435,22208.24254,18506.211,3.6,155086.0,160395.0,6.8,301.476,119.401,258.669,4.57,3.92,4.81,1404.0,293.552,429000.0,102.8003,79.6087,73429.0,227691.0,66.9,-70521.0,3060.562,3874.21,32656.7,3970.15,20.7,76.88,-1375920.0,31458438.0,2796.2924,21184.6,121.4062,1.0602,6.9325,1.72,-0.89,0.0,5.957648712766894
2023-03-31,27164.359,22403.435,22208.24254,18506.211,3.5,155171.0,160812.0,6.7,301.643,119.553,257.062,4.65,3.48,4.06,1342.0,297.487,429000.0,102.8143,79.4362,73044.0,225123.0,62.0,-60321.0,3060.562,3874.21,33274.15,4109.31,18.7,75.68,-1375920.0,31458438.0,2777.6338,20876.3,119.4611,1.0872,6.8676,1.72,-0.58,0.0,4.931348641757127
2023-04-30,27453.815,22539.418,22333.11239,18685.724,3.4,155387.0,160974.0,6.6,302.858,119.97,256.908,4.83,3.44,4.04,1368.0,301.611,418500.0,103.2241,79.5726,73686.0,225749.0,63.7,-72756.0,2995.524,3799.003,34098.16,4169.48,15.78,76.78,-1375920.0,32332274.0,2766.0218,20729.9,119.376,1.104,6.911,1.72,-0.6,1.0655727234351486,4.946947488062325
2023-05-31,27453.815,22539.418,22333.11239,18685.724,3.6,155614.0,160796.0,6.7,303.316,120.14,253.67,5.06,3.64,4.4,1583.0,305.485,418500.0,102.9809,79.2151,73675.0,226388.0,59.0,-66066.0,2995.524,3799.003,32908.27,4179.83,17.94,68.11,-1375920.0,32332274.0,2758.966,20801.4,121.1527,1.0654,7.11,1.72,-0.76,0.0,4.125314539356473
2023-06-30,27453.815,22539.418,22333.11239,18685.724,3.6,155871.0,160979.0,6.9,304.099,120.435,253.86,5.08,3.81,4.87,1415.0,308.443,418500.0,102.3809,78.5968,73737.0,226508.0,64.2,-64806.0,2995.524,3799.003,34407.6,4450.38,13.59,70.66,-1375920.0,32332274.0,2753.4817,20782.6,119.7118,1.092,7.2513,1.72,-1.06,0.0,3.0592533347792994
2023-07-31,27967.697,22780.933,22459.74068,18928.987,3.5,156019.0,161183.0,6.7,304.615,120.598,253.835,5.12,3.97,4.88,1473.0,310.36400000000003,435400.0,103.0722,78.986,73093.0,226726.0,71.5,-64607.0,3062.041,3843.132,35559.53,4588.96,13.63,81.8,-1375920.0,33167334.0,2754.3287,20772.3,118.1738,1.102,7.1426,1.72,-0.91,1.8718054303199727,3.28032820234625
2023-08-31,27967.697,22780.933,22459.74068,18928.987,3.7,156176.0,161475.0,7.1,306.138,120.965,257.68,5.33,4.09,4.85,1305.0,311.732,435400.0,103.0951,78.8773,73763.0,227426.0,69.4,-59631.0,3062.041,3843.132,34721.91,4507.66,13.57,83.55,-1375920.0,33167334.0,2763.4076,20746.9,120.5882,1.0839,7.2582,1.72,-0.76,0.0,3.7186358677607556
2023-09-30,27967.697,22780.933,22459.74068,18928.987,3.8,156334.0,161442.0,7.0,307.374,121.387,258.934,5.33,4.59,5.03,1363.0,312.584,435400.0,103.3081,78.9282,73963.0,228422.0,67.8,-62222.0,3062.041,3843.132,33507.5,4288.05,17.52,90.77,-1695240.0,33167334.0,2765.1589,20720.0,122.6332,1.0584,7.296,1.72,-0.44,0.0,3.6950823322234427
2023-10-31,28296.967,22960.6,22588.18459,19170.154,3.9,156520.0,161211.0,7.2,307.653,121.421,255.192,5.33,4.88,5.07,1365.0,312.944,423200.0,102.5781,78.2711,73223.0,227323.0,63.8,-64333.0,3091.748,3882.899,33052.87,4193.8,18.14,81.64,-1695240.0,34001494.0,2768.8282,20687.3,124.1229,1.0568,7.3166,1.72,-0.19,1.1773225374974494,3.2465375076767167
2023-11-30,28296.967,22960.6,22588.18459,19170.154,3.7,156661.0,161886.0,7.0,308.087,121.415,252.856,5.33,4.37,4.73,1510.0,312.184,423200.0,102.8868,78.4172,73522.0,226289.0,61.3,-64754.0,3091.748,3882.899,35950.89,4567.8,12.92,75.66,-1695240.0,34001494.0,2772.8882,20696.8,120.5421,1.0908,7.136,1.72,-0.36,0.0,3.139855644977696
2023-12-31,28296.967,22960.6,22588.18459,19170.154,3.8,156930.0,161124.0,7.2,308.735,121.602,249.866,5.33,3.88,4.23,1568.0,310.997,423200.0,102.6309,78.1414,73992.0,226674.0,69.7,-64915.0,3091.748,3882.899,37689.54,4769.83,12.45,71.89,-1695240.0,34001494.0,2758.3415,20701.4,118.7686,1.1062,7.0999,1.72,-0.35,0.0,3.322200208829762
2024-01-31,28624.069,23053.545,22718.13,19424.775,3.7,157049.0,161190.0,7.2,309.794,122.115,251.306,5.33,3.99,4.27,1376.0,310.86,426800.0,101.483,77.1945,73527.0,224062.0,79.0,-66859.0,3125.421,3966.989,38150.3,4845.65,14.35,76.28,-1695240.0,34586533.0,2762.9841,20773.3,120.7727,1.0855,7.1673,1.72,-0.28,1.1559613438429706,3.1079425939238847
2024-02-29,28624.069,23053.545,22718.13,19424.775,3.9,157271.0,161013.0,7.3,311.022,122.494,254.926,5.33,4.25,4.64,1546.0,312.781,426800.0,102.7267,78.0707,73929.0,225364.0,76.9,-69341.0,3125.421,3966.989,38996.39,5096.27,13.4,79.22,-1695240.0,34586533.0,2760.72,20861.6,121.5385,1.0807,7.1977,1.72,-0.39,0.0,3.16642120765831
2024-03-31,28624.069,23053.545,22718.13,19424.775,3.9,157517.0,161425.0,7.3,312.107,122.912,255.095,5.33,4.2,4.59,1299.0,316.965,426800.0,102.5186,77.8455,73774.0,225480.0,79.4,-68547.0,3125.421,3966.989,39807.37,5254.35,13.01,83.96,-1695240.0,34586533.0,2748.6983,20901.5,121.4062,1.0791,7.2203,1.72,-0.39,0.0,3.4690014354717524
2024-04-30,29016.714,23223.906,22849.87,19682.699,3.9,157635.0,161495.0,7.4,313.016,123.234,256.978,5.33,4.69,5.04,1377.0,320.886,414500.0,102.3568,77.6572,73940.0,224487.0,77.2,-75905.0,3154.321,4061.192,37815.92,5035.69,15.65,83.49,-1695240.0,34831634.0,2748.3922,20932.9,123.3446,1.0684,7.2401,1.72,-0.35,1.3717302036967638,3.3540471111874304
2024-05-31,29016.714,23223.906,22849.87,19682.699,4.0,157828.0,161164.0,7.4,313.14,123.224,255.313,5.33,4.51,4.89,1315.0,323.814,414500.0,102.9797,78.0627,73284.0,224918.0,69.1,-76632.0,3154.321,4061.192,38686.32,5277.51,12.92,77.97,-1695240.0,34831634.0,2755.3827,20997.1,122.4845,1.0846,7.241,1.72,-0.38,0.0,3.238866396761142
2024-06-30,29016.714,23223.906,22849.87,19682.699,4.1,157915.0,161155.0,7.4,313.131,123.369,255.914,5.33,4.36,4.71,1329.0,325.362,414500.0,103.2534,78.1993,73690.0,224299.0,68.2,-74180.0,3154.321,4061.192,39118.86,5460.48,12.44,82.83,-1695240.0,34831634.0,2779.6651,21065.5,124.5172,1.0711,7.2672,1.72,-0.35,0.0,2.9700853998204435
2024-07-31,29374.914,23400.294,22981.32,19938.425,4.2,158003.0,161219.0,7.8,313.566,123.575,257.321,5.33,4.09,4.29,1262.0,325.677,415300.0,102.5192,77.5681,73482.0,226699.0,66.4,-79886.0,3220.292,4163.975,40842.79,5522.3,16.36,79.36,-1695240.0,35464674.0,2762.8907,21098.2,123.9223,1.0823,7.2193,1.72,-0.2,1.2344609386162775,2.9384633061405374
2024-08-31,29374.914,23400.294,22981.32,19938.425,4.2,158074.0,161425.0,7.8,314.131,123.727,255.463,5.33,3.91,3.91,1379.0,325.127,415300.0,103.0196,77.8658,73632.0,226032.0,67.9,-71444.0,3220.292,4163.975,41563.08,5648.4,15.0,74.52,-1695240.0,35464674.0,2768.6007,21185.7,122.5582,1.106,7.09,1.72,0.0,0.0,2.6109140322338353
2024-09-30,29374.914,23400.294,22981.32,19938.425,4.1,158314.0,161802.0,7.7,314.851,123.939,252.682,5.13,3.81,3.66,1355.0,324.755,415300.0,102.5954,77.4591,73855.0,227532.0,70.1,-85014.0,3220.292,4163.975,42330.15,5762.48,16.73,68.75,-1832816.0,35464674.0,2783.0594,21272.2,121.5298,1.1145,7.0176,1.72,0.15,0.0,2.432541464144644
2024-10-31,29723.864,23542.349,23113.34,20255.455,4.1,158358.0,161456.0,7.7,315.564,124.265,253.081,4.83,4.28,4.16,1344.0,324.083,419200.0,102.2669,77.1206,73764.0,228287.0,70.5,-73727.0,3220.929,4141.013,41763.46,5705.45,23.16,69.58,-1832816.0,36218605.0,2797.9202,21335.5,125.0247,1.0855,7.1178,1.72,0.12,1.187918371437613,2.5714034967967203
2024-11-30,29723.864,23542.349,23113.34,20255.455,4.2,158619.0,161183.0,7.7,316.449,124.399,253.196,4.64,4.18,4.13,1305.0,323.784,419200.0,102.0231,76.8424,74365.0,229130.0,71.8,-78239.0,3220.929,4141.013,44910.65,6032.38,13.51,68.26,-1832816.0,36218605.0,2790.3727,21454.5,126.8114,1.0547,7.2423,1.72,0.05,0.0,2.7141684004842848
2024-12-31,29723.864,23542.349,23113.34,20255.455,4.1,158942.0,161661.0,7.5,317.603,124.769,253.406,4.48,4.58,4.25,1526.0,323.328,419200.0,103.1654,77.6044,74507.0,229952.0,74.0,-98062.0,3220.929,4141.013,42544.22,5881.63,17.35,72.44,-1832816.0,36218605.0,2788.9251,21490.1,129.488,1.0351,7.2993,1.72,0.33,0.0,2.872366268806581
2025-01-31,29723.864,23542.349,23243.22,20255.455,4.0,159067.0,163895.0,7.5,319.086,125.189,257.202,4.33,4.58,4.22,1350.0,323.538,419200.0,103.435,77.709,75250.0,226052.0,71.7,-131382.0,3220.929,4141.013,44544.66,6040.53,16.43,72.84,-1832816.0,36218605.0,2778.1533,21577.1,128.6686,1.04,7.2422,1.72,0.36,0.0,2.999412512831112
2025-02-28,29723.864,23542.349,23243.22,20255.455,4.1,159218.0,163307.0,8.0,319.775,125.6,259.726,4.33,4.24,3.99,1501.0,323.538,419200.0,104.2062,78.1877,75131.0,226005.0,64.7,-131382.0,3220.929,4141.013,43840.91,5954.5,19.63,69.97,-1832816.0,36218605.0,2775.7616,21671.0,128.4646,1.0402,7.2828,1.72,0.25,0.0,2.8142703731568686
2025-03-31,29723.864,23542.349,23243.22,20255.455,4.1,159218.0,163307.0,8.0,319.775,125.6,259.726,4.33,4.23,3.89,1501.0,323.538,419200.0,104.2062,78.1877,75131.0,226005.0,64.7,-131382.0,3220.929,4141.013,42001.76,5611.85,22.28,71.87,-1832816.0,36218605.0,2772.3391,21671.0,126.6599,1.0826,7.2628,1.72,0.34,0.0,2.4568497342257523
2025-04-30,29723.864,23542.349,23376.07,20255.455,4.1,159218.0,163307.0,8.0,319.775,125.6,259.726,4.33,4.17,3.87,1501.0,323.538,419200.0,104.2062,78.1877,75131.0,226005.0,64.7,-131382.0,3220.929,4141.013,42225.32,5670.97,21.77,71.87,-1832816.0,36218605.0,2772.3391,21671.0,126.6599,1.0826,7.2628,1.72,0.29,0.0,2.1593145398318248
